Student_ID,Ethnicity,Lunch_Support,Math_Score,Language_Score
S001,Black,No,66,81
S002,Other,Yes,48,74
S003,White,Yes,76,46
S004,Other,No,72,99
S005,Other,No,90,55
S006,Hispanic,No,81,65
S007,White,Yes,83,87
S008,White,No,63,96
S009,White,Yes,54,91
S010,Other,Yes,98,99
S011,Black,No,93,88
S012,White,No,71,41
S013,Other,Yes,71,40
S014,Hispanic,Yes,63,87
S015,Black,No,80,51
S016,Hispanic,No,91,44
S017,Black,No,88,76
S018,Other,Yes,88,71
S019,Asian,Yes,97,98
S020,Black,Yes,91,94
S021,Hispanic,Yes,51,48
S022,Other,Yes,78,80
S023,Black,Yes,41,74
S024,Asian,No,42,58
S025,Asian,Yes,88,87
S026,White,Yes,76,55
S027,White,Yes,88,42
S028,Hispanic,No,95,59
S029,Black,Yes,56,63
S030,Black,Yes,98,93
S031,White,No,88,95
S032,Black,Yes,41,72
S033,Black,Yes,41,63
S034,Asian,Yes,67,91
S035,White,Yes,93,50
S036,Other,Yes,62,88
S037,White,No,76,47
S038,Other,No,71,75
S039,Asian,No,72,77
S040,Hispanic,Yes,40,79
S041,Black,Yes,58,59
S042,Asian,Yes,41,74
S043,Black,No,92,87
S044,Hispanic,Yes,83,64
S045,Hispanic,Yes,65,74
S046,Asian,No,71,64
S047,Hispanic,Yes,45,68
S048,Other,No,71,57
S049,Hispanic,No,94,85
S050,Black,No,43,57
S051,Black,Yes,94,41
S052,Black,Yes,50,93
S053,Black,Yes,95,74
S054,Other,Yes,98,55
S055,White,Yes,56,100
S056,Asian,Yes,77,80
S057,Black,Yes,63,75
S058,Hispanic,No,44,72
S059,Black,Yes,91,43
S060,Hispanic,No,73,72
S061,Hispanic,Yes,45,53
S062,Black,Yes,61,60
S063,Other,Yes,50,87
S064,Hispanic,No,87,59
S065,Hispanic,No,55,95
S066,Black,No,72,47
S067,Hispanic,No,48,46
S068,Hispanic,Yes,99,42
S069,Black,No,98,56
S070,Black,Yes,45,72
S071,Asian,Yes,55,87
S072,Other,No,68,51
S073,Other,No,42,98
S074,Hispanic,No,59,90
S075,Other,No,99,61
S076,Hispanic,No,98,94
S077,Asian,No,75,61
S078,Black,No,58,85
S079,Black,No,65,69
S080,Black,Yes,42,77
S081,Other,No,58,77
S082,Asian,No,59,84
S083,Other,Yes,71,90
S084,Other,No,46,93
S085,Asian,Yes,91,47
S086,Asian,Yes,80,66
S087,Asian,No,72,66
S088,Asian,Yes,79,73
S089,Black,Yes,78,60
S090,White,Yes,57,69
S091,White,Yes,79,72
S092,Asian,No,40,67
S093,White,Yes,50,86
S094,White,No,67,72
S095,Asian,Yes,96,44
S096,White,Yes,64,99
S097,Other,Yes,89,100
S098,Hispanic,Yes,62,87
S099,Hispanic,No,70,58
S100,Asian,No,69,43
